season,team,points,points_prev,d_points,expected_d_points,beat_model_by,spend_eur_m,spend_rel,signings,paid_signings,new_manager,xgd_pg
2015/16,Arsenal,71,75,-4,-7.5,3.5,0.0,0.0,0.0,0.0,No,1.04
2016/17,Arsenal,75,71,4,1.2,2.8,72.0,1.37,4.0,4.0,No,0.43
2017/18,Arsenal,63,75,-12,-13.1,1.1,53.0,0.78,2.0,1.0,No,0.62
2018/19,Arsenal,70,63,7,5.7,1.3,77.6,1.22,4.0,4.0,Yes,0.2
2019/20,Arsenal,56,70,-14,-10.0,-4.0,144.1,1.99,5.0,4.0,No,-0.17
2020/21,Arsenal,61,56,5,-7.4,12.4,34.0,0.59,4.0,3.0,No,0.24
2021/22,Arsenal,69,61,8,-0.6,8.6,165.6,2.6,6.0,6.0,No,0.39
2022/23,Arsenal,84,69,15,-8.0,23.0,131.6,1.15,5.0,5.0,No,0.82
2023/24,Arsenal,89,84,5,-12.4,17.4,231.6,1.66,4.0,3.0,No,1.38
2024/25,Arsenal,74,89,-15,-9.3,-5.7,107.6,0.92,5.0,3.0,No,0.88
2025/26,Arsenal,85,74,11,-3.2,14.2,294.6,1.66,8.0,7.0,No,1.17
2015/16,Aston Villa,17,38,-21,4.6,-25.6,52.0,1.2,5.0,5.0,No,-0.85
2020/21,Aston Villa,55,35,20,3.6,16.4,85.6,1.5,5.0,4.0,No,0.09
2021/22,Aston Villa,45,55,-10,-0.3,-9.7,99.8,1.57,5.0,3.0,No,-0.26
2022/23,Aston Villa,61,45,16,0.3,15.7,69.5,0.61,7.0,4.0,No,-0.1
2023/24,Aston Villa,68,61,7,-10.4,17.4,88.0,0.63,5.0,2.0,No,0.06
2024/25,Aston Villa,66,68,-2,-11.6,9.6,176.2,1.51,8.0,8.0,No,0.3
2025/26,Aston Villa,65,66,-1,-9.1,8.1,37.5,0.21,6.0,3.0,No,-0.01
2016/17,Bournemouth,46,42,4,-0.3,4.3,13.5,0.26,3.0,2.0,No,-0.34
2017/18,Bournemouth,44,46,-2,-2.0,0.0,34.3,0.51,2.0,2.0,No,-0.66
2018/19,Bournemouth,45,44,1,-4.5,5.5,56.8,0.89,3.0,3.0,No,-0.1
2019/20,Bournemouth,34,45,-11,3.0,-14.0,47.8,0.66,4.0,3.0,No,-0.49
2023/24,Bournemouth,48,39,9,3.6,5.4,129.9,0.93,9.0,7.0,Yes,-0.05
2024/25,Bournemouth,56,48,8,2.0,6.0,111.3,0.95,8.0,6.0,No,0.49
2025/26,Bournemouth,57,56,1,3.4,-2.4,136.6,0.77,7.0,6.0,No,0.26
2022/23,Brentford,59,46,13,4.6,8.4,48.2,0.42,8.0,3.0,No,0.2
2023/24,Brentford,39,59,-20,-4.2,-15.8,64.8,0.47,6.0,3.0,No,0.11
2024/25,Brentford,56,39,17,11.3,5.7,85.9,0.73,6.0,4.0,No,0.16
2025/26,Brentford,53,56,-3,2.8,-5.8,98.7,0.56,9.0,5.0,Yes,0.19
2018/19,Brighton,36,40,-4,2.9,-6.9,66.2,1.04,11.0,9.0,No,-0.67
2019/20,Brighton,41,36,5,6.5,-1.5,53.3,0.74,3.0,3.0,Yes,-0.34
2020/21,Brighton,41,41,0,1.1,-1.1,3.0,0.05,3.0,2.0,No,0.37
2021/22,Brighton,51,41,10,13.4,-3.4,34.6,0.54,5.0,5.0,No,0.06
2022/23,Brighton,62,51,11,-0.0,11.0,45.7,0.4,5.0,4.0,No,0.73
2023/24,Brighton,48,62,-14,2.1,-16.1,97.7,0.7,7.0,4.0,No,0.03
2024/25,Brighton,61,48,13,10.4,2.6,231.2,1.98,9.0,8.0,Yes,0.16
2025/26,Brighton,53,61,-8,-6.6,-1.4,78.0,0.44,5.0,4.0,No,0.12
2017/18,Burnley,54,40,14,-0.2,14.2,25.5,0.38,4.0,2.0,No,-0.51
2018/19,Burnley,40,54,-14,-11.9,-2.1,16.1,0.25,3.0,2.0,No,-0.56
2019/20,Burnley,54,40,14,-1.3,15.3,12.8,0.18,2.0,2.0,No,-0.12
2020/21,Burnley,39,54,-15,-6.2,-8.8,0.0,0.0,1.0,0.0,No,-0.55
2021/22,Burnley,35,39,-4,0.4,-4.4,31.9,0.5,4.0,3.0,No,-0.5
2015/16,Chelsea,50,87,-37,-12.3,-24.7,75.5,1.74,6.0,5.0,No,0.26
2016/17,Chelsea,93,50,43,12.2,30.8,97.8,1.85,3.0,3.0,Yes,0.87
2017/18,Chelsea,70,93,-23,-17.2,-5.8,168.8,2.49,5.0,5.0,No,0.66
2018/19,Chelsea,72,70,2,2.7,-0.7,137.0,2.16,3.0,2.0,Yes,0.68
2019/20,Chelsea,66,72,-6,-2.0,-4.0,45.0,0.62,1.0,1.0,Yes,0.92
2020/21,Chelsea,67,66,1,10.7,-9.7,267.2,4.67,7.0,5.0,No,0.99
2021/22,Chelsea,74,67,7,4.6,2.4,113.0,1.77,3.0,1.0,No,0.9
2022/23,Chelsea,44,74,-30,-0.9,-29.1,297.8,2.6,9.0,8.0,No,-0.06
2023/24,Chelsea,63,44,19,15.4,3.6,464.1,3.33,12.0,11.0,Yes,0.48
2024/25,Chelsea,69,63,6,5.8,0.2,261.0,2.23,12.0,10.0,Yes,0.5
2025/26,Chelsea,52,69,-17,-4.7,-12.3,336.8,1.9,10.0,9.0,No,0.37
2015/16,Crystal Palace,42,48,-6,0.5,-6.5,4.9,0.11,1.0,1.0,No,-0.27
2016/17,Crystal Palace,41,42,-1,2.3,-3.3,27.3,0.52,3.0,2.0,No,-0.12
2017/18,Crystal Palace,44,41,3,10.7,-7.7,37.2,0.55,4.0,2.0,Yes,0.08
2018/19,Crystal Palace,49,44,5,5.6,-0.6,10.7,0.17,3.0,1.0,No,-0.06
2019/20,Crystal Palace,43,49,-6,-0.9,-5.1,6.1,0.08,2.0,2.0,No,-0.6
2020/21,Crystal Palace,44,43,1,-4.2,5.2,17.8,0.31,3.0,1.0,No,-0.7
2021/22,Crystal Palace,48,44,4,0.4,3.6,73.4,1.15,7.0,5.0,Yes,0.2
2022/23,Crystal Palace,45,48,-3,4.4,-7.4,34.6,0.3,5.0,2.0,No,-0.29
2023/24,Crystal Palace,49,45,4,-0.9,4.9,38.7,0.28,4.0,3.0,No,-0.11
2024/25,Crystal Palace,53,49,4,-0.5,4.5,77.7,0.66,9.0,4.0,No,0.23
2025/26,Crystal Palace,45,53,-8,0.9,-8.9,55.3,0.31,7.0,3.0,No,0.06
2015/16,Everton,47,47,0,1.9,-1.9,19.6,0.45,3.0,3.0,No,-0.02
2016/17,Everton,61,47,14,7.8,6.2,39.2,0.74,4.0,3.0,Yes,0.1
2017/18,Everton,49,61,-12,-3.4,-8.6,158.2,2.33,7.0,7.0,No,-0.31
2018/19,Everton,54,49,5,3.0,2.0,89.6,1.41,6.0,3.0,Yes,0.12
2019/20,Everton,49,54,-5,0.8,-5.8,107.9,1.49,6.0,4.0,No,0.12
2020/21,Everton,59,49,10,3.5,6.5,46.9,0.82,4.0,3.0,No,-0.02
2021/22,Everton,39,59,-20,-3.8,-16.2,2.0,0.03,5.0,1.0,Yes,-0.43
2022/23,Everton,36,39,-3,2.9,-5.9,83.1,0.72,8.0,5.0,No,-0.52
2023/24,Everton,48,36,12,2.8,9.2,37.5,0.27,5.0,2.0,No,0.01
2024/25,Everton,48,48,0,1.7,-1.7,48.2,0.41,6.0,3.0,No,-0.18
2025/26,Everton,49,48,1,-0.7,1.7,127.8,0.72,9.0,6.0,No,-0.27
2023/24,Fulham,47,52,-5,-11.4,6.4,68.5,0.49,7.0,5.0,No,-0.37
2024/25,Fulham,54,47,7,-2.7,9.7,91.6,0.78,6.0,4.0,No,0.23
2025/26,Fulham,52,54,-2,-0.2,-1.8,40.5,0.23,4.0,2.0,No,-0.3
2018/19,Huddersfield,16,37,-21,1.2,-22.2,10.0,0.16,4.0,3.0,No,-1.01
2021/22,Leeds,38,59,-21,-8.0,-13.0,59.3,0.93,6.0,4.0,No,-0.53
2022/23,Leeds,31,38,-7,2.5,-9.5,104.3,0.91,7.0,6.0,No,-0.57
2015/16,Leicester,81,41,40,9.3,30.7,27.0,0.62,3.0,3.0,Yes,0.62
2016/17,Leicester,44,81,-37,-13.8,-23.2,74.5,1.41,6.0,5.0,No,-0.18
2017/18,Leicester,47,44,3,3.5,-0.5,76.9,1.13,5.0,4.0,No,0.02
2018/19,Leicester,52,47,5,5.8,-0.8,114.6,1.8,7.0,7.0,No,0.2
2019/20,Leicester,62,52,10,3.6,6.4,104.3,1.44,5.0,4.0,No,0.35
2020/21,Leicester,66,62,4,-4.7,8.7,20.9,0.37,2.0,1.0,No,0.31
2021/22,Leicester,52,66,-14,-8.1,-5.9,37.6,0.59,3.0,2.0,No,-0.44
2022/23,Leicester,34,52,-18,-9.3,-8.7,17.0,0.15,1.0,1.0,No,-0.28
2015/16,Liverpool,60,62,-2,-3.7,1.7,32.0,0.74,5.0,4.0,No,0.43
2016/17,Liverpool,76,60,16,0.7,15.3,74.9,1.42,4.0,3.0,No,0.76
2017/18,Liverpool,75,76,-1,-7.5,6.5,89.0,1.31,4.0,3.0,No,1.1
2018/19,Liverpool,97,75,22,2.4,19.6,192.2,3.02,4.0,4.0,No,1.32
2019/20,Liverpool,99,97,2,-18.8,20.8,1.9,0.03,3.0,1.0,No,0.94
2020/21,Liverpool,69,99,-30,-23.5,-6.5,80.4,1.41,4.0,4.0,No,0.66
2021/22,Liverpool,92,69,23,-5.0,28.0,40.0,0.63,1.0,1.0,No,1.59
2022/23,Liverpool,67,92,-25,-8.8,-16.2,94.4,0.82,3.0,2.0,No,0.66
2023/24,Liverpool,82,67,15,-1.9,16.9,172.0,1.23,4.0,4.0,No,1.25
2024/25,Liverpool,84,82,2,-1.9,3.9,42.0,0.36,2.0,2.0,Yes,1.34
2025/26,Liverpool,60,84,-24,-1.9,-22.1,481.4,2.71,7.0,6.0,No,0.35
2015/16,Man City,66,79,-13,-0.7,-12.3,189.4,4.36,6.0,6.0,No,0.76
2016/17,Man City,78,66,12,9.6,2.4,165.2,3.13,8.0,8.0,Yes,1.32
2017/18,Man City,100,78,22,4.7,17.3,244.7,3.6,7.0,7.0,No,1.76
2018/19,Man City,98,100,-2,-12.0,10.0,71.2,1.12,3.0,3.0,No,1.79
2019/20,Man City,81,98,-17,-7.3,-9.7,166.8,2.3,7.0,6.0,No,1.72
2020/21,Man City,86,81,5,6.7,-1.7,160.9,2.81,5.0,5.0,No,1.24
2021/22,Man City,93,86,7,-7.1,14.1,117.5,1.85,1.0,1.0,No,1.79
2022/23,Man City,89,93,-4,-5.4,1.4,144.0,1.26,5.0,4.0,No,1.32
2023/24,Man City,91,89,2,-8.5,10.5,241.1,1.73,4.0,4.0,No,1.38
2024/25,Man City,71,91,-20,-12.6,-7.4,25.0,0.21,1.0,1.0,No,0.53
2025/26,Man City,78,71,7,-7.4,14.4,206.8,1.16,7.0,7.0,No,0.86
2015/16,Man United,66,70,-4,-4.1,0.1,147.0,3.38,4.0,4.0,No,0.15
2016/17,Man United,69,66,3,0.9,2.1,185.0,3.51,3.0,3.0,Yes,0.68
2017/18,Man United,81,69,12,-0.6,12.6,164.4,2.42,3.0,3.0,No,0.41
2018/19,Man United,66,81,-15,-17.4,2.4,81.0,1.27,2.0,2.0,No,0.43
2019/20,Man United,66,66,0,-2.6,2.6,159.8,2.2,3.0,3.0,No,0.74
2020/21,Man United,74,66,8,-1.0,9.0,39.0,0.68,1.0,1.0,No,0.56
2021/22,Man United,58,74,-16,-7.1,-8.9,142.0,2.23,4.0,3.0,No,0.01
2022/23,Man United,75,58,17,2.1,14.9,238.0,2.08,6.0,4.0,Yes,0.57
2023/24,Man United,60,75,-15,-9.5,-5.5,202.7,1.45,7.0,4.0,No,-0.38
2024/25,Man United,42,60,-18,-11.3,-6.7,214.5,1.83,5.0,5.0,No,-0.1
2025/26,Man United,71,42,29,7.1,21.9,250.7,1.41,5.0,5.0,No,0.58
2015/16,Newcastle,37,39,-2,12.1,-14.1,69.2,1.59,5.0,5.0,Yes,-0.47
2018/19,Newcastle,45,44,1,1.5,-0.5,25.7,0.4,6.0,4.0,No,-0.46
2019/20,Newcastle,44,45,-1,2.8,-3.8,66.9,0.92,4.0,3.0,Yes,-0.8
2020/21,Newcastle,45,44,1,-7.3,8.3,38.8,0.68,5.0,2.0,No,-0.42
2021/22,Newcastle,49,45,4,-2.6,6.6,29.4,0.46,1.0,1.0,No,-0.56
2022/23,Newcastle,71,49,22,-6.3,28.3,143.5,1.25,5.0,4.0,No,0.92
2023/24,Newcastle,60,71,-11,-1.4,-9.6,150.0,1.08,5.0,4.0,No,0.58
2024/25,Newcastle,66,60,6,1.2,4.8,68.2,0.58,5.0,3.0,No,0.46
2025/26,Newcastle,49,66,-17,-3.6,-13.4,274.2,1.54,6.0,5.0,No,0.09
2023/24,Nott'm Forest,36,38,-2,-1.2,-0.8,123.0,0.88,14.0,9.0,No,-0.11
2024/25,Nott'm Forest,65,36,29,10.8,18.2,105.5,0.9,11.0,9.0,No,-0.08
2025/26,Nott'm Forest,44,65,-21,-11.8,-9.2,233.9,1.32,14.0,10.0,No,-0.42
2020/21,Sheffield United,23,54,-31,-5.5,-25.5,36.7,0.64,7.0,5.0,No,-0.87
2015/16,Southampton,63,60,3,-0.1,3.1,51.7,1.19,5.0,5.0,No,0.31
2016/17,Southampton,46,63,-17,0.4,-17.4,51.9,0.98,4.0,4.0,Yes,0.18
2017/18,Southampton,36,46,-10,11.4,-21.4,39.2,0.58,3.0,3.0,Yes,-0.12
2018/19,Southampton,39,36,3,10.7,-7.7,62.2,0.98,5.0,4.0,No,-0.25
2019/20,Southampton,52,39,13,5.8,7.2,57.5,0.79,4.0,3.0,No,-0.0
2020/21,Southampton,43,52,-9,-1.8,-7.2,25.3,0.44,4.0,2.0,No,-0.35
2021/22,Southampton,40,43,-3,1.4,-4.4,63.4,1.0,5.0,4.0,No,-0.45
2022/23,Southampton,25,40,-15,1.8,-16.8,91.0,0.79,10.0,8.0,No,-0.62
2015/16,Stoke,51,54,-3,-3.4,0.4,25.6,0.59,4.0,3.0,No,-0.31
2016/17,Stoke,44,51,-7,-6.0,-1.0,19.1,0.36,3.0,2.0,No,-0.02
2017/18,Stoke,33,44,-11,3.8,-14.8,7.7,0.11,3.0,1.0,No,-0.76
2015/16,Sunderland,39,38,1,3.1,-2.1,2.8,0.06,2.0,1.0,No,-0.48
2016/17,Sunderland,24,39,-15,6.1,-21.1,16.2,0.31,5.0,3.0,Yes,-0.83
2015/16,Swansea,47,56,-9,-12.2,3.2,1.2,0.03,3.0,2.0,No,-0.36
2016/17,Swansea,41,47,-6,-3.9,-2.1,8.1,0.15,3.0,2.0,No,-0.67
2017/18,Swansea,33,41,-8,-4.3,-3.7,0.0,0.0,3.0,0.0,No,-0.85
2015/16,Tottenham,70,64,6,-11.3,17.3,65.0,1.49,4.0,4.0,No,0.69
2016/17,Tottenham,86,70,16,-4.2,20.2,57.0,1.08,3.0,2.0,No,0.95
2017/18,Tottenham,77,86,-9,-13.1,4.1,77.5,1.14,4.0,3.0,No,0.87
2018/19,Tottenham,71,77,-6,-9.6,3.6,0.0,0.0,0.0,0.0,No,0.33
2019/20,Tottenham,59,71,-12,-10.1,-1.9,100.0,1.38,4.0,3.0,No,-0.13
2020/21,Tottenham,62,59,3,-6.9,9.9,95.4,1.67,5.0,4.0,No,0.11
2021/22,Tottenham,71,62,9,-1.9,10.9,66.9,1.05,5.0,3.0,Yes,0.64
2022/23,Tottenham,60,71,-11,-4.9,-6.1,173.7,1.51,8.0,5.0,No,0.16
2023/24,Tottenham,66,60,6,2.2,3.8,247.1,1.77,9.0,8.0,Yes,0.14
2024/25,Tottenham,38,66,-28,-9.1,-18.9,154.8,1.32,5.0,4.0,No,-0.08
2025/26,Tottenham,41,38,3,15.2,-12.2,205.6,1.16,8.0,6.0,Yes,-0.23
2016/17,Watford,40,45,-5,6.3,-11.3,44.4,0.84,5.0,4.0,Yes,-0.43
2017/18,Watford,41,40,1,6.8,-5.8,43.9,0.65,9.0,4.0,Yes,-0.21
2018/19,Watford,50,41,9,3.8,5.2,23.4,0.37,6.0,5.0,No,-0.3
2019/20,Watford,34,50,-16,-4.8,-11.2,36.0,0.5,4.0,2.0,No,-0.29
2015/16,West Brom,43,44,-1,-1.1,0.1,25.3,0.58,3.0,2.0,No,-0.32
2016/17,West Brom,45,43,2,0.5,1.5,19.9,0.38,2.0,2.0,No,-0.25
2017/18,West Brom,31,45,-14,0.2,-14.2,36.1,0.53,4.0,3.0,No,-0.36
2015/16,West Ham,62,47,15,3.3,11.7,26.5,0.61,6.0,3.0,Yes,-0.03
2016/17,West Ham,45,62,-17,-9.3,-7.7,49.6,0.94,7.0,4.0,No,-0.3
2017/18,West Ham,42,45,-3,-0.9,-2.1,25.3,0.37,3.0,2.0,No,-0.57
2018/19,West Ham,52,42,10,5.0,5.0,99.4,1.56,7.0,6.0,Yes,-0.47
2019/20,West Ham,39,52,-13,-7.4,-5.6,89.3,1.23,3.0,3.0,No,-0.51
2020/21,West Ham,65,39,26,0.6,25.4,16.2,0.28,1.0,1.0,No,0.28
2021/22,West Ham,56,65,-9,-6.7,-2.3,67.3,1.06,5.0,3.0,No,0.03
2022/23,West Ham,40,56,-16,-2.0,-14.0,184.6,1.61,8.0,8.0,No,-0.11
2023/24,West Ham,52,40,12,7.7,4.3,137.6,0.99,5.0,5.0,No,-0.62
2024/25,West Ham,43,52,-9,-4.7,-4.3,144.4,1.23,9.0,5.0,Yes,-0.46
2025/26,West Ham,39,43,-4,-0.8,-3.2,143.8,0.81,8.0,5.0,No,-0.49
2019/20,Wolves,59,57,2,0.4,1.6,97.1,1.34,7.0,6.0,No,0.44
2020/21,Wolves,45,59,-14,1.8,-15.8,84.6,1.48,6.0,5.0,No,-0.36
2021/22,Wolves,51,45,6,3.3,2.7,26.3,0.41,7.0,4.0,Yes,-0.51
2022/23,Wolves,41,51,-10,-7.3,-2.7,139.0,1.21,6.0,5.0,No,-0.73
2023/24,Wolves,46,41,5,1.4,3.6,94.0,0.67,8.0,5.0,Yes,-0.67
2024/25,Wolves,42,46,-4,-7.2,3.2,63.9,0.55,7.0,5.0,No,-0.43
2025/26,Wolves,20,42,-22,0.3,-22.3,117.5,0.66,7.0,6.0,No,-0.79
