team_id,team,season,points,xgd_pg,start,spend_eur,signings,paid_signings,spend_rel,first_coach,last_coach,points_prev,xgd_prev,prev_last_coach,d_points,d_xgd,new_manager,log_spend
1,Arsenal,2015/16,71,1.0440381210526315,2015,0.0,0.0,0.0,0.0,13,13,75,0.8969412105263159,13,-4,0.14709691052631557,0,0.0
1,Arsenal,2016/17,75,0.4344731578947368,2016,72000000.0,4.0,4.0,1.3652912621359223,13,13,71,1.0440381210526315,13,4,-0.6095649631578948,0,0.8609011695980892
1,Arsenal,2017/18,63,0.6190531315789474,2017,53000000.0,2.0,1.0,0.7805883869067344,13,13,75,0.4344731578947368,13,-12,0.18457997368421059,0,0.5769438641248963
1,Arsenal,2018/19,70,0.19731275000000004,2018,77650000.0,4.0,4.0,1.2215745962825746,140,140,63,0.6190531315789474,13,7,-0.42174038157894733,1,0.7982162220704677
1,Arsenal,2019/20,56,-0.1692117894736842,2019,144100000.0,5.0,4.0,1.98676409761478,140,91,70,0.19731275000000004,140,-14,-0.36652453947368424,0,1.094190559755879
1,Arsenal,2020/21,61,0.23723936842105262,2020,34000000.0,4.0,3.0,0.594738835308945,91,91,56,-0.1692117894736842,91,5,0.40645115789473685,0,0.4667099832117968
1,Arsenal,2021/22,69,0.39479134210526323,2021,165600000.0,6.0,6.0,2.6007679804000094,91,91,61,0.23723936842105262,91,8,0.15755197368421062,0,1.2811471505997973
1,Arsenal,2022/23,84,0.8249714657894737,2022,131600000.0,5.0,5.0,1.1477211281854494,91,91,69,0.39479134210526323,91,15,0.43018012368421044,0,0.7644073396266531
1,Arsenal,2023/24,89,1.3844829894736843,2023,231600000.0,4.0,3.0,1.6623063423877351,91,91,84,0.8249714657894737,91,5,0.5595115236842106,0,0.9791927931367739
1,Arsenal,2024/25,74,0.8839485078947368,2024,107600000.0,5.0,3.0,0.9196345392853175,91,91,89,1.3844829894736843,91,-15,-0.5005344815789475,0,0.6521348237997181
1,Arsenal,2025/26,85,1.167179152631579,2025,294600000.0,8.0,7.0,1.6589939603834944,91,91,74,0.8839485078947368,91,11,0.2832306447368421,0,0.9779478408718776
2,Aston Villa,2015/16,17,-0.8548029894736842,2015,52000000.0,5.0,5.0,1.1957321559970566,138,42,38,-0.436936447368421,138,-21,-0.41786654210526314,0,0.7865155471725077
2,Aston Villa,2020/21,55,0.09112981052631577,2020,85550000.0,5.0,4.0,1.4964678635494189,36,36,35,-0.6975366578947368,36,20,0.7886664684210526,0,0.9148768782737992
2,Aston Villa,2021/22,45,-0.2622679473684211,2021,99800000.0,5.0,3.0,1.567371041328025,36,135,55,0.09112981052631577,36,-10,-0.3533977578947368,0,0.9428824342282848
2,Aston Villa,2022/23,61,-0.10421557894736842,2022,69500000.0,7.0,4.0,0.6061293192164797,135,140,45,-0.2622679473684211,135,16,0.15805236842105264,0,0.47382713483353794
2,Aston Villa,2023/24,68,0.06175740789473677,2023,88000000.0,5.0,2.0,0.6316189901991395,140,140,61,-0.10421557894736842,140,7,0.1659729868421052,0,0.48957276739766425
2,Aston Villa,2024/25,66,0.29966165789473687,2024,176200000.0,8.0,8.0,1.5059442920267,140,140,68,0.06175740789473677,140,-2,0.2379042500000001,0,0.9186656263890806
2,Aston Villa,2025/26,65,-0.012619157894736858,2025,37500000.0,6.0,3.0,0.21117540228914136,140,140,66,0.29966165789473687,140,-1,-0.3122808157894737,0,0.19159129494887267
3,Bournemouth,2016/17,46,-0.3414803421052632,2016,13500000.0,3.0,2.0,0.2559921116504854,39,39,42,-0.4016545,39,4,0.060174157894736846,0,0.22792578749323128
3,Bournemouth,2017/18,44,-0.6563323684210526,2017,34300000.0,2.0,2.0,0.5051732390736036,39,39,46,-0.3414803421052632,39,-2,-0.3148520263157894,0,0.40890800059530996
3,Bournemouth,2018/19,45,-0.0950069210526316,2018,56800000.0,3.0,3.0,0.8935664786716064,39,39,44,-0.6563323684210526,39,1,0.5613254473684209,0,0.6384620766272793
3,Bournemouth,2019/20,34,-0.49008684473684216,2019,47760000.0,4.0,3.0,0.6584861436646905,39,39,45,-0.0950069210526316,39,-11,-0.3950799236842106,0,0.5059052246306602
3,Bournemouth,2023/24,48,-0.04611115789473683,2023,129890000.0,9.0,7.0,0.9322839845109797,9,9,39,-0.7241612894736842,51,9,0.6780501315789473,1,0.658702714900883
3,Bournemouth,2024/25,56,0.4901916315789473,2024,111270000.0,8.0,6.0,0.9510012563780416,9,9,48,-0.04611115789473683,9,8,0.5363027894736841,0,0.6683427056069593
3,Bournemouth,2025/26,57,0.2648621842105263,2025,136600000.0,7.0,6.0,0.7692415987385789,9,9,56,0.4901916315789473,9,1,-0.22532944736842098,0,0.5705509794750329
4,Brentford,2022/23,59,0.20457836842105256,2022,48250000.0,8.0,3.0,0.42080200938410284,136,136,46,0.08918744736842106,136,13,0.1153909210526315,0,0.35122150751722825
4,Brentford,2023/24,39,0.10607955263157894,2023,64850000.0,6.0,3.0,0.4654601308456158,136,136,59,0.20457836842105256,136,-20,-0.09849881578947363,0,0.3821692756439262
4,Brentford,2024/25,56,0.16460523684210526,2024,85900000.0,6.0,4.0,0.7341692093365128,136,136,39,0.10607955263157894,136,17,0.05852568421052633,0,0.5505284568364656
4,Brentford,2025/26,53,0.188067447368421,2025,98700000.0,9.0,5.0,0.5558136588250201,69,69,56,0.16460523684210526,136,-3,0.023462210526315724,1,0.4419986620456228
5,Brighton,2018/19,36,-0.6693230789473684,2018,66220000.0,11.0,9.0,1.0417600742541158,23,23,40,-0.4176153815789474,23,-4,-0.251707697368421,0,0.7138122173712288
5,Brighton,2019/20,41,-0.3418891578947369,2019,53340000.0,3.0,3.0,0.7354198262787812,53,53,36,-0.6693230789473684,23,5,0.3274339210526315,1,0.5512493589280926
5,Brighton,2020/21,41,0.3661141052631579,2020,3000000.0,3.0,2.0,0.05247695605667162,53,53,41,-0.3418891578947369,53,0,0.7080032631578947,0,0.05114639185173941
5,Brighton,2021/22,51,0.06200097368421056,2021,34580000.0,5.0,5.0,0.5430830722357024,53,53,41,0.3661141052631579,53,10,-0.30411313157894737,0,0.4337824100625246
5,Brighton,2022/23,62,0.7254974736842105,2022,45700000.0,5.0,4.0,0.3985627322042176,53,111,51,0.06200097368421056,53,11,0.6634964999999999,0,0.3354450894319742
5,Brighton,2023/24,48,0.02561098684210523,2023,97700000.0,7.0,4.0,0.7012406288915446,111,111,62,0.7254974736842105,111,-14,-0.6998864868421052,0,0.5313577666018987
5,Brighton,2024/25,61,0.16191786842105263,2024,231200000.0,9.0,8.0,1.9760177089476338,44,44,48,0.02561098684210523,111,13,0.1363068815789474,1,1.0905860675403833
5,Brighton,2025/26,53,0.12285402631578948,2025,78000000.0,5.0,4.0,0.439244836761414,44,44,61,0.16191786842105263,44,-8,-0.03906384210526315,0,0.3641185571165317
6,Burnley,2017/18,54,-0.5101362894736843,2017,25500000.0,4.0,2.0,0.37556611068154205,125,125,40,-0.5178127105263158,125,14,0.007676421052631555,0,0.31886536324570813
6,Burnley,2018/19,40,-0.5626539236842105,2018,16100000.0,3.0,2.0,0.2532820476516349,125,125,54,-0.5101362894736843,125,-14,-0.05251763421052624,0,0.22576574846958383
6,Burnley,2019/20,54,-0.11821918947368419,2019,12750000.0,2.0,2.0,0.1757893285537019,125,125,40,-0.5626539236842105,125,14,0.4444347342105263,0,0.1619396910422134
6,Burnley,2020/21,39,-0.5507574868421052,2020,0.0,1.0,0.0,0.0,125,125,54,-0.11821918947368419,125,-15,-0.43253829736842103,0,0.0
6,Burnley,2021/22,35,-0.5030849657894736,2021,31900000.0,4.0,3.0,0.5009933488814028,125,88,39,-0.5507574868421052,125,-4,0.047672521052631645,0,0.40612712151652597
8,Chelsea,2015/16,50,0.2593020263157895,2015,75500000.0,6.0,5.0,1.7361111111111112,66,55,87,0.9768151552631578,66,-37,-0.7175131289473682,0,1.0065376097219332
8,Chelsea,2016/17,93,0.8731044105263158,2016,97800000.0,3.0,3.0,1.8545206310679612,11,11,50,0.2593020263157895,55,43,0.6138023842105262,1,1.0489039239553368
8,Chelsea,2017/18,70,0.6612098763157895,2017,168800000.0,5.0,5.0,2.48610037188409,11,11,93,0.8731044105263158,11,-23,-0.2118945342105263,0,1.2487837395359018
8,Chelsea,2018/19,72,0.6805346578947369,2018,137000000.0,3.0,2.0,2.155257175669192,84,84,70,0.6612098763157895,11,2,0.019324781578947348,1,1.1490700063539034
8,Chelsea,2019/20,66,0.9247233447368423,2019,45000000.0,1.0,1.0,0.6204329243071832,46,46,72,0.6805346578947369,84,-6,0.24418868684210537,1,0.48269335076944175
8,Chelsea,2020/21,67,0.9934507631578947,2020,267200000.0,7.0,5.0,4.673947552780885,46,137,66,0.9247233447368423,46,1,0.06872741842105246,0,1.7358850929144156
8,Chelsea,2021/22,74,0.8995107315789475,2021,113000000.0,3.0,1.0,1.7746786339686054,137,137,67,0.9934507631578947,137,7,-0.09394003157894726,0,1.0205349329133016
8,Chelsea,2022/23,44,-0.05598905263157896,2022,297750000.0,9.0,8.0,2.5967626589454222,137,46,74,0.8995107315789475,137,-30,-0.9554997842105264,0,1.2800341794799126
8,Chelsea,2023/24,63,0.48108107894736835,2023,464100000.0,12.0,11.0,3.3310724244479615,83,83,44,-0.05598905263157896,46,19,0.5370701315789473,1,1.465815184431154
8,Chelsea,2024/25,69,0.49618686842105264,2024,261000000.0,12.0,10.0,2.230712033024794,41,41,63,0.48108107894736835,83,6,0.015105789473684295,1,1.1727025566013585
8,Chelsea,2025/26,52,0.37092097368421045,2025,336850000.0,10.0,9.0,1.8969182469625938,41,20,69,0.49618686842105264,41,-17,-0.1252658947368422,0,1.0636474984934754
9,Crystal Palace,2015/16,42,-0.27450563157894736,2015,4900000.0,1.0,1.0,0.1126747608535688,6,6,48,-0.01914952631578949,6,-6,-0.2553561052631579,0,0.10676681112886859
9,Crystal Palace,2016/17,41,-0.12181536842105263,2016,27300000.0,3.0,2.0,0.5176729368932039,6,123,42,-0.27450563157894736,6,-1,0.15269026315789475,0,0.4171781991672399
9,Crystal Palace,2017/18,44,0.08459039473684213,2017,37200000.0,4.0,2.0,0.5478846791118966,47,114,41,-0.12181536842105263,123,3,0.20640576315789477,1,0.43688927569477737
9,Crystal Palace,2018/19,49,-0.05689786842105265,2018,10700000.0,3.0,1.0,0.16833030496102447,114,114,44,0.08459039473684213,114,5,-0.14148826315789478,0,0.15557563977031216
9,Crystal Palace,2019/20,43,-0.6037968815789473,2019,6100000.0,2.0,2.0,0.08410312973941818,114,114,49,-0.05689786842105265,114,-6,-0.5468990131578947,0,0.08075303662810365
9,Crystal Palace,2020/21,44,-0.7004562789473684,2020,17800000.0,3.0,1.0,0.31136327260291824,114,114,43,-0.6037968815789473,114,1,-0.09665939736842111,0,0.2710672622045654
9,Crystal Palace,2021/22,48,0.19769643157894734,2021,73440000.0,7.0,5.0,1.1533840608730477,99,99,44,-0.7004562789473684,114,4,0.8981527105263157,1,0.7670405865299049
9,Crystal Palace,2022/23,45,-0.28691463157894737,2022,34600000.0,5.0,2.0,0.3017564668329525,99,114,48,0.19769643157894734,99,-3,-0.4846110631578947,0,0.2637144808479961
9,Crystal Palace,2023/24,49,-0.10672048947368419,2023,38700000.0,4.0,3.0,0.27776880591712155,114,97,45,-0.28691463157894737,114,4,0.1801941421052632,0,0.24511543655216872
9,Crystal Palace,2024/25,53,0.2341167105263158,2024,77700000.0,9.0,4.0,0.6640855362683008,97,97,49,-0.10672048947368419,97,4,0.3408372,0,0.5092757450852684
9,Crystal Palace,2025/26,45,0.06342802631578949,2025,55300000.0,7.0,3.0,0.31141332657572046,97,97,53,0.2341167105263158,97,-8,-0.1706886842105263,0,0.2711054308940557
10,Everton,2015/16,47,-0.020203476315789462,2015,19600000.0,3.0,3.0,0.4506990434142752,112,34,47,-0.034049684210526315,112,0,0.013846207894736853,0,0.37204553916653815
10,Everton,2016/17,61,0.10130184473684212,2016,39200000.0,4.0,3.0,0.7433252427184466,113,113,47,-0.020203476315789462,34,14,0.12150532105263158,1,0.5557943485098725
10,Everton,2017/18,49,-0.3102173947368421,2017,158200000.0,7.0,7.0,2.329982694502743,113,123,61,0.10130184473684212,113,-12,-0.41151923947368424,0,1.2029671071328256
10,Everton,2018/19,54,0.11990379210526313,2018,89650000.0,6.0,3.0,1.4103562467061534,79,79,49,-0.3102173947368421,123,5,0.43012118684210526,1,0.8797745567882551
10,Everton,2019/20,49,0.11838213157894735,2019,107900000.0,6.0,4.0,1.487660278505446,79,21,54,0.11990379210526313,79,-5,-0.0015216605263157768,0,0.911342621544886
10,Everton,2020/21,59,-0.024395868421052635,2020,46870000.0,4.0,3.0,0.8198649767920662,21,21,49,0.11838213157894735,21,10,-0.142778,0,0.5987623097608077
10,Everton,2021/22,39,-0.4269609473684211,2021,2000000.0,5.0,1.0,0.031410241309178855,105,46,59,-0.024395868421052635,21,-20,-0.4025650789473685,1,0.030927032107606472
10,Everton,2022/23,36,-0.5245533263157894,2022,83070000.0,8.0,5.0,0.7244771589541434,46,125,39,-0.4269609473684211,46,-3,-0.09759237894736833,0,0.5449239082819008
10,Everton,2023/24,48,0.013081144736842161,2023,37500000.0,5.0,2.0,0.26915581968713326,125,125,36,-0.5245533263157894,125,12,0.5376344710526316,0,0.23835197054581808
10,Everton,2024/25,48,-0.1787808157894737,2024,48200000.0,6.0,3.0,0.4119552490107091,125,33,48,0.013081144736842161,125,0,-0.19186196052631585,0,0.3449754452336141
10,Everton,2025/26,49,-0.2664363157894737,2025,127750000.0,9.0,6.0,0.7194042037983416,33,33,48,-0.1787808157894737,33,1,-0.0876555,0,0.5419778376769008
11,Fulham,2023/24,47,-0.37093253947368426,2023,68470000.0,7.0,5.0,0.4914426393060804,79,79,52,-0.6185745789473684,79,-5,0.24764203947368418,0,0.3997438658396136
11,Fulham,2024/25,54,0.2308125,2024,91550000.0,6.0,4.0,0.7824585694383904,79,79,47,-0.37093253947368426,79,7,0.6017450394736843,0,0.5779936300843778
11,Fulham,2025/26,52,-0.2963878421052632,2025,40500000.0,4.0,2.0,0.22806943447227268,79,79,54,0.2308125,79,-2,-0.5272003421052632,0,0.20544337085633457
12,Huddersfield,2018/19,16,-1.0050461315789474,2018,10000000.0,4.0,3.0,0.15731804201964902,35,62,37,-0.5547978368421053,35,-21,-0.45024829473684214,0,0.14610529550208182
15,Leeds,2021/22,38,-0.5295665789473684,2021,59300000.0,6.0,4.0,0.9313136548171531,78,64,59,-0.09903471052631581,78,-21,-0.43053186842105257,0,0.658200421543857
15,Leeds,2022/23,31,-0.5732912631578947,2022,104340000.0,7.0,6.0,0.909978894489892,64,123,38,-0.5295665789473684,64,-7,-0.04372468421052633,0,0.6470921919921946
16,Leicester,2015/16,81,0.6156863157894737,2015,27000000.0,3.0,3.0,0.6208609271523179,27,27,41,-0.21541355263157894,94,40,0.8310998684210527,1,0.48295744459569545
16,Leicester,2016/17,44,-0.18325105263157893,2016,74500000.0,6.0,5.0,1.412697208737864,27,28,81,0.6156863157894737,27,-37,-0.7989373684210527,0,0.880745295444655
16,Leicester,2017/18,47,0.024473439473684216,2017,76900000.0,5.0,4.0,1.1325895651533562,28,26,44,-0.18325105263157893,28,3,0.20772449210526314,0,0.7573369995736327
16,Leicester,2018/19,52,0.19662021052631581,2018,114600000.0,7.0,7.0,1.8028647615451778,26,17,47,0.024473439473684216,26,5,0.1721467710526316,0,1.0306420232645623
16,Leicester,2019/20,62,0.34534530789473683,2019,104300000.0,5.0,4.0,1.4380256445608715,17,17,52,0.19662021052631581,17,10,0.14872509736842102,0,0.8911885496915649
16,Leicester,2020/21,66,0.30881798157894735,2020,20900000.0,2.0,1.0,0.36558946052814556,17,17,62,0.34534530789473683,17,4,-0.03652732631578948,0,0.31158617463596316
16,Leicester,2021/22,52,-0.4373136789473684,2021,37600000.0,3.0,2.0,0.5905125366125625,17,17,66,0.30881798157894735,17,-14,-0.7461316605263157,0,0.4640563143593125
16,Leicester,2022/23,34,-0.2842724342105263,2022,17000000.0,1.0,1.0,0.14826184786590152,17,36,52,-0.4373136789473684,17,-18,0.1530412447368421,0,0.13824936236422095
17,Liverpool,2015/16,60,0.43375795,2015,32000000.0,5.0,4.0,0.7358351729212657,17,68,62,0.3538817105263158,17,-2,0.07987623947368422,0,0.5514886652565313
17,Liverpool,2016/17,76,0.7626376184210526,2016,74900000.0,4.0,3.0,1.4202821601941749,68,68,60,0.43375795,68,16,0.3288796684210526,0,0.883884128493472
17,Liverpool,2017/18,75,1.098249955263158,2017,89000000.0,4.0,3.0,1.310799366692441,68,68,76,0.7626376184210526,68,-1,0.33561233684210534,0,0.8375935108607334
17,Liverpool,2018/19,97,1.324011447368421,2018,192200000.0,4.0,4.0,3.023652767617654,68,68,75,1.098249955263158,68,22,0.22576149210526308,0,1.3921901387207456
17,Liverpool,2019/20,99,0.9373808368421052,2019,1900000.0,3.0,1.0,0.02619605680408107,68,68,97,1.324011447368421,68,2,-0.38663061052631587,0,0.025858816996498314
17,Liverpool,2020/21,69,0.6553402631578947,2020,80450000.0,4.0,4.0,1.4072570382530771,68,68,99,0.9373808368421052,68,-30,-0.2820405736842104,0,0.8784879409071993
17,Liverpool,2021/22,92,1.586614289473684,2021,40000000.0,1.0,1.0,0.6282048261835772,68,68,69,0.6553402631578947,68,23,0.9312740263157894,0,0.48747807427543133
17,Liverpool,2022/23,67,0.6578594473684211,2022,94400000.0,3.0,2.0,0.8232893199141825,68,68,92,1.586614289473684,68,-25,-0.928754842105263,0,0.6006421884876929
17,Liverpool,2023/24,82,1.2470128289473685,2023,172000000.0,4.0,4.0,1.234528026298318,68,68,67,0.6578594473684211,68,15,0.5891533815789475,0,0.8040300318494399
17,Liverpool,2024/25,84,1.3399689473684209,2024,42000000.0,2.0,2.0,0.35896515473962204,12,12,82,1.2470128289473685,68,2,0.09295611842105234,1,0.3067234944720911
17,Liverpool,2025/26,60,0.3523402631578948,2025,481350000.0,7.0,6.0,2.7106474637834186,12,12,84,1.3399689473684209,12,-24,-0.9876286842105261,0,1.3112063799327598
19,Man City,2015/16,66,0.7560033947368421,2015,189450000.0,6.0,6.0,4.35637417218543,77,77,79,0.9293694210526315,77,-13,-0.17336602631578946,0,1.6782872857669644
19,Man City,2016/17,78,1.3222084736842106,2016,165250000.0,8.0,8.0,3.1335330703883497,103,103,66,0.7560033947368421,77,12,0.5662050789473685,1,1.419132506256392
19,Man City,2017/18,100,1.7611112447368422,2017,244700000.0,7.0,7.0,3.603961854265621,103,103,78,1.3222084736842106,103,22,0.43890277105263165,0,1.5269172054790094
19,Man City,2018/19,98,1.789156707894737,2018,71190000.0,3.0,3.0,1.1199471411378814,103,103,100,1.7611112447368422,103,-2,0.0280454631578948,0,0.7513911549475504
19,Man City,2019/20,81,1.7159895789473685,2019,166820000.0,7.0,6.0,2.300013787398318,103,103,98,1.789156707894737,103,-17,-0.07316712894736854,0,1.193926646463197
19,Man City,2020/21,86,1.2395248394736842,2020,160900000.0,5.0,5.0,2.8145140765061543,103,103,81,1.7159895789473685,103,5,-0.4764647394736843,0,1.3388132848037981
19,Man City,2021/22,93,1.7944112894736843,2021,117500000.0,1.0,1.0,1.845351676914258,103,103,86,1.2395248394736842,103,7,0.5548864500000001,0,1.0456866722110738
19,Man City,2022/23,89,1.3187671605263158,2022,144000000.0,5.0,4.0,1.2558650642758717,103,103,93,1.7944112894736843,103,-4,-0.4756441289473685,0,0.8135335199125534
19,Man City,2023/24,91,1.3757191184210527,2023,241100000.0,4.0,4.0,1.7304924833751423,103,103,89,1.3187671605263158,103,2,0.05695195789473684,0,1.0044819897680264
19,Man City,2024/25,71,0.5327692894736843,2024,25000000.0,1.0,1.0,0.21366973496406075,103,103,91,1.3757191184210527,103,-20,-0.8429498289473684,0,0.1936486086439856
19,Man City,2025/26,78,0.8649198157894737,2025,206800000.0,7.0,7.0,1.1645619518238515,103,103,71,0.5327692894736843,103,7,0.33215052631578945,0,0.7722180092615443
20,Man United,2015/16,66,0.1517997105263158,2015,147000000.0,4.0,4.0,3.380242825607064,76,76,70,0.3780135,76,-4,-0.2262137894736842,0,1.4771041624879508
20,Man United,2016/17,69,0.6828274736842106,2016,185000000.0,3.0,3.0,3.5080400485436893,66,66,66,0.1517997105263158,76,3,0.5310277631578948,1,1.5058624800208744
20,Man United,2017/18,81,0.4079805263157895,2017,164400000.0,3.0,3.0,2.421296807688059,66,66,69,0.6828274736842106,66,12,-0.2748469473684211,0,1.2300196627371254
20,Man United,2018/19,66,0.4294028421052632,2018,81000000.0,2.0,2.0,1.2742761403591572,66,96,81,0.4079805263157895,66,-15,0.021422315789473678,0,0.821661821710989
20,Man United,2019/20,66,0.7401973421052631,2019,159800000.0,3.0,3.0,2.2032262512063974,96,96,66,0.4294028421052632,96,0,0.3107944999999999,0,1.1641585054118755
20,Man United,2020/21,74,0.559322052631579,2020,39000000.0,1.0,1.0,0.682200428736731,96,96,66,0.7401973421052631,96,8,-0.18087528947368414,0,0.5201027154128486
20,Man United,2021/22,58,0.009542842105263159,2021,142000000.0,4.0,3.0,2.230127132951699,96,106,74,0.559322052631579,96,-16,-0.5497792105263158,0,1.1725214965069444
20,Man United,2022/23,75,0.5687773421052631,2022,238020000.0,6.0,4.0,2.075840295825993,43,43,58,0.009542842105263159,106,17,0.5592345,1,1.1235781308631552
20,Man United,2023/24,60,-0.37976152631578947,2023,202700000.0,7.0,4.0,1.4548769240155177,43,43,75,0.5687773421052631,43,-15,-0.9485388684210525,0,0.8980766272058908
20,Man United,2024/25,42,-0.10042631578947368,2024,214500000.0,5.0,5.0,1.8332863259916412,43,122,60,-0.37976152631578947,43,-18,0.27933521052631577,0,1.0414372838640522
20,Man United,2025/26,71,0.5764985789473684,2025,250700000.0,5.0,5.0,1.411777956103673,122,86,42,-0.10042631578947368,122,29,0.6769248947368421,0,0.8803642166272057
22,Newcastle,2015/16,37,-0.468878947368421,2015,69210000.0,5.0,5.0,1.591473509933775,134,105,39,-0.28402339473684207,65,-2,-0.18485555263157893,1,0.9522266366906049
22,Newcastle,2018/19,45,-0.4640747763157895,2018,25700000.0,6.0,4.0,0.404307367990498,105,105,44,-0.20649357894736844,105,1,-0.257581197368421,0,0.3395442047136162
22,Newcastle,2019/20,44,-0.8036214210526316,2019,66900000.0,4.0,3.0,0.9223769474700124,130,130,45,-0.4640747763157895,105,-1,-0.3395466447368421,1,0.6535624138316086
22,Newcastle,2020/21,45,-0.42274894736842106,2020,38750000.0,5.0,2.0,0.6778273490653417,130,130,44,-0.8036214210526316,130,1,0.3808724736842105,0,0.5174997118487255
22,Newcastle,2021/22,49,-0.5575063157894737,2021,29400000.0,1.0,1.0,0.46173054724492923,130,39,45,-0.42274894736842106,130,4,-0.13475736842105268,0,0.379621040131444
22,Newcastle,2022/23,71,0.9242317921052631,2022,143500000.0,5.0,4.0,1.2515044216915805,39,39,49,-0.5575063157894737,39,22,1.4817381078947367,0,0.8115986246445609
22,Newcastle,2023/24,60,0.5795446315789473,2023,150000000.0,5.0,4.0,1.076623278748533,39,39,71,0.9242317921052631,39,-11,-0.34468716052631576,0,0.7307431508544978
22,Newcastle,2024/25,66,0.4606539210526316,2024,68200000.0,5.0,3.0,0.5828910369819578,39,39,60,0.5795446315789473,39,6,-0.11889071052631572,0,0.45925294529031346
22,Newcastle,2025/26,49,0.08687399999999999,2025,274250000.0,6.0,5.0,1.5443961087412539,39,39,66,0.4606539210526316,39,-17,-0.3737799210526316,0,0.9338933364789649
24,Nott'm Forest,2023/24,36,-0.10773873684210523,2023,122980000.0,14.0,9.0,0.8826875388032973,131,95,38,-0.7601276052631579,131,-2,0.6523888684210527,0,0.632700297936216
24,Nott'm Forest,2024/25,65,-0.08337997368421056,2024,105500000.0,11.0,9.0,0.9016862815483364,95,95,36,-0.10773873684210523,95,29,0.024358763157894675,0,0.6427410091667939
24,Nott'm Forest,2025/26,44,-0.41587815789473687,2025,233900000.0,14.0,10.0,1.3171713758781378,95,142,65,-0.08337997368421056,95,-21,-0.3324981842105263,0,0.8403472072718101
26,Sheffield United,2020/21,23,-0.8670695868421052,2020,36700000.0,7.0,5.0,0.6419680957599494,25,101,54,-0.16396936842105264,25,-31,-0.7031002184210526,0,0.4958955807318162
27,Southampton,2015/16,63,0.313420947368421,2015,51700000.0,5.0,5.0,1.1888337012509198,113,113,60,0.41716176315789477,113,3,-0.10374081578947375,0,0.7833688454633965
27,Southampton,2016/17,46,0.1815642236842105,2016,51900000.0,4.0,4.0,0.9841474514563107,26,26,63,0.313420947368421,113,-17,-0.13185672368421053,1,0.6851893263915443
27,Southampton,2017/18,36,-0.12303368421052634,2017,39250000.0,3.0,3.0,0.5780772487941382,82,81,46,0.1815642236842105,26,-10,-0.30459790789473684,1,0.45620717483394635
27,Southampton,2018/19,39,-0.2526418157894737,2018,62250000.0,5.0,4.0,0.9793048115723152,81,107,36,-0.12303368421052634,81,3,-0.12960813157894735,0,0.6827456777880511
27,Southampton,2019/20,52,-0.0025249210526315877,2019,57500000.0,4.0,3.0,0.7927754032814008,107,107,39,-0.2526418157894737,107,13,0.2501168947368421,0,0.5837649236879076
27,Southampton,2020/21,43,-0.3490498157894737,2020,25300000.0,4.0,2.0,0.4425556627445973,107,107,52,-0.0025249210526315877,107,-9,-0.3465248947368421,0,0.3664163063468604
27,Southampton,2021/22,40,-0.45288005263157893,2021,63400000.0,5.0,4.0,0.9957046495009698,107,107,43,-0.3490498157894737,107,-3,-0.10383023684210524,0,0.6909971957485564
27,Southampton,2022/23,25,-0.6219621315789473,2022,90960000.0,10.0,8.0,0.793288098934259,107,115,40,-0.45288005263157893,107,-15,-0.16908207894736837,0,0.5840508615448554
28,Stoke,2015/16,51,-0.3085090526315789,2015,25600000.0,4.0,3.0,0.5886681383370125,81,81,54,-0.020264868421052625,81,-3,-0.2882441842105263,0,0.4628960163636636
28,Stoke,2016/17,44,-0.020913263157894758,2016,19120000.0,3.0,2.0,0.3625606796116505,81,81,51,-0.3085090526315789,81,-7,0.28759578947368414,0,0.3093657820583757
28,Stoke,2017/18,33,-0.7575453947368421,2017,7700000.0,3.0,1.0,0.11340623734305387,81,102,44,-0.020913263157894758,81,-11,-0.7366321315789474,0,0.10742399882006622
29,Sunderland,2015/16,39,-0.48244869210526314,2015,2800000.0,2.0,1.0,0.06438557763061074,37,123,38,-0.36890047368421053,37,1,-0.11354821842105262,0,0.06239771026504608
29,Sunderland,2016/17,24,-0.8273644210526316,2016,16250000.0,5.0,3.0,0.3081386529126214,33,33,39,-0.48244869210526314,123,-15,-0.3449157289473685,1,0.26860525117283257
30,Swansea,2015/16,47,-0.35988386842105263,2015,1200000.0,3.0,2.0,0.02759381898454746,49,45,56,-0.39583513157894734,49,-9,0.03595126315789471,0,0.027219971234087738
30,Swansea,2016/17,41,-0.6744767921052631,2016,8100000.0,3.0,2.0,0.15359526699029127,45,100,47,-0.35988386842105263,45,-6,-0.3145929236842105,0,0.14288338472311582
30,Swansea,2017/18,33,-0.8452768236842104,2017,0.0,3.0,0.0,0.0,100,22,41,-0.6744767921052631,100,-8,-0.1708000315789473,0,0.0
31,Tottenham,2015/16,70,0.6931166578947369,2015,65000000.0,4.0,4.0,1.4946651949963208,83,83,64,-0.12260168421052631,83,6,0.8157183421052632,0,0.9141545298169109
31,Tottenham,2016/17,86,0.9548433184210525,2016,57000000.0,3.0,2.0,1.0808555825242718,83,83,70,0.6931166578947369,83,16,0.26172666052631566,0,0.7327791468890994
31,Tottenham,2017/18,77,0.869801605263158,2017,77500000.0,4.0,3.0,1.1414264148164512,83,83,86,0.9548433184210525,83,-9,-0.08504171315789455,0,0.7614721559683029
31,Tottenham,2018/19,71,0.3315944473684211,2018,0.0,0.0,0.0,0.0,83,83,77,0.869801605263158,83,-6,-0.5382071578947369,0,0.0
31,Tottenham,2019/20,59,-0.1343633684210526,2019,100000000.0,4.0,3.0,1.3787398317937405,83,66,71,0.3315944473684211,83,-12,-0.4659578157894737,0,0.8665708650184515
31,Tottenham,2020/21,62,0.10854786842105264,2020,95400000.0,5.0,4.0,1.6687672026021574,66,119,59,-0.1343633684210526,66,3,0.24291123684210525,0,0.9816166439139411
31,Tottenham,2021/22,71,0.6382109894736842,2021,66900000.0,5.0,3.0,1.0506725717920329,95,11,62,0.10854786842105264,119,9,0.5296631210526315,1,0.7181678231435868
31,Tottenham,2022/23,60,0.16244899999999998,2022,173700000.0,8.0,5.0,1.5148872337827701,11,119,71,0.6382109894736842,11,-11,-0.4757619894736842,0,0.9222279650843542
31,Tottenham,2023/24,66,0.13910836842105265,2023,247100000.0,9.0,8.0,1.7735574145250834,10,10,60,0.16244899999999998,119,6,-0.023340631578947335,1,1.0201307614076247
31,Tottenham,2024/25,38,-0.07546078947368422,2024,154850000.0,5.0,4.0,1.3234703383673923,10,10,66,0.13910836842105265,10,-28,-0.21456915789473685,0,0.8430619035338843
31,Tottenham,2025/26,41,-0.23143925789473682,2025,205600000.0,8.0,6.0,1.157804338950599,136,111,38,-0.07546078947368422,10,3,-0.15597846842105262,1,0.7690911949545653
32,Watford,2016/17,40,-0.4306172657894737,2016,44450000.0,5.0,4.0,0.8428777305825242,143,143,45,-0.2276806315789474,104,-5,-0.20293663421052627,1,0.6113283338838388
32,Watford,2017/18,41,-0.2140463684210526,2017,43900000.0,9.0,4.0,0.6465628336831253,79,63,40,-0.4306172657894737,143,1,0.21657089736842108,1,0.49868998407584114
32,Watford,2018/19,50,-0.3041480263157895,2018,23350000.0,6.0,5.0,0.36733762811588044,63,63,41,-0.2140463684210526,63,9,-0.09010165789473693,0,0.3128655119687702
32,Watford,2019/20,34,-0.2885651578947368,2019,36000000.0,4.0,2.0,0.4963463394457466,63,57,50,-0.3041480263157895,63,-16,0.01558286842105272,0,0.40302636308260253
33,West Brom,2015/16,43,-0.32063093947368426,2015,25300000.0,3.0,2.0,0.5817696835908757,139,139,44,-0.3979159710526316,139,-1,0.07728503157894734,0,0.45854427315321983
33,West Brom,2016/17,45,-0.25490876315789474,2016,19900000.0,2.0,2.0,0.3773513349514563,139,139,43,-0.32063093947368426,139,2,0.06572217631578953,0,0.320162332410544
33,West Brom,2017/18,31,-0.3634082368421052,2017,36100000.0,4.0,3.0,0.531683788062889,139,32,45,-0.25490876315789474,139,-14,-0.10849947368421048,0,0.4263676453553377
34,West Ham,2015/16,62,-0.02837078947368421,2015,26500000.0,6.0,3.0,0.6093635025754232,127,127,47,-0.28197102631578946,123,15,0.25360023684210525,1,0.4758387608136402
34,West Ham,2016/17,45,-0.3006846052631579,2016,49600000.0,7.0,4.0,0.9405339805825242,127,127,62,-0.02837078947368421,127,-17,-0.27231381578947367,0,0.6629631829244825
34,West Ham,2017/18,42,-0.5675668157894737,2017,25300000.0,3.0,2.0,0.372620494127177,127,33,45,-0.3006846052631579,127,-3,-0.2668822105263158,0,0.31672168226187186
34,West Ham,2018/19,52,-0.4658288184210526,2018,99400000.0,7.0,6.0,1.5637413376753113,77,77,42,-0.5675668157894737,33,10,0.10173799736842104,1,0.9414676516275357
34,West Ham,2019/20,39,-0.5066897052631579,2019,89300000.0,3.0,3.0,1.2312146697918103,77,33,52,-0.4658288184210526,77,-13,-0.040860886842105315,0,0.802546132153473
34,West Ham,2020/21,65,0.27568923684210533,2020,16200000.0,1.0,1.0,0.2833755627060267,33,33,39,-0.5066897052631579,33,26,0.7823789421052633,0,0.2494937650948886
34,West Ham,2021/22,56,0.029128342105263143,2021,67300000.0,5.0,3.0,1.0569546200538686,33,33,65,0.27568923684210533,33,-9,-0.2465608947368422,0,0.7212265491994019
34,West Ham,2022/23,40,-0.10793265789473683,2022,184600000.0,8.0,8.0,1.6099492421203188,33,33,56,0.029128342105263143,33,-16,-0.13706099999999996,0,0.9593307736820182
34,West Ham,2023/24,52,-0.6152147105263158,2023,137550000.0,5.0,5.0,0.9872635466124049,33,33,40,-0.10793265789473683,33,12,-0.507282052631579,0,0.6867585902109179
34,West Ham,2024/25,43,-0.4604873157894737,2024,144400000.0,9.0,5.0,1.234156389152415,67,53,52,-0.6152147105263158,33,-9,0.1547273947368421,1,0.8038637022937098
34,West Ham,2025/26,39,-0.48620326315789475,2025,143800000.0,8.0,5.0,0.8097872759780941,53,95,43,-0.4604873157894737,53,-4,-0.025715947368421033,0,0.5932093112869595
35,Wolves,2019/20,59,0.44301860789473685,2019,97100000.0,7.0,6.0,1.338756376671722,95,95,57,0.27282625263157895,95,2,0.1701923552631579,0,0.8496193251323105
35,Wolves,2020/21,45,-0.3572396315789474,2020,84589000.0,6.0,5.0,1.4796577452925983,95,95,59,0.44301860789473685,95,-14,-0.8002582394736842,0,0.9081205447227922
35,Wolves,2021/22,51,-0.5115691078947368,2021,26300000.0,7.0,4.0,0.413044673215702,18,18,45,-0.3572396315789474,95,6,-0.15432947631578936,1,0.3457467190665275
35,Wolves,2022/23,41,-0.7251375,2022,139000000.0,6.0,5.0,1.2122586384329594,18,67,51,-0.5115691078947368,18,-10,-0.21356839210526324,0,0.7940140019754
35,Wolves,2023/24,46,-0.6698305000000001,2023,94000000.0,8.0,5.0,0.6746839213490807,51,51,41,-0.7251375,67,5,0.055306999999999884,1,0.515624443798061
35,Wolves,2024/25,42,-0.4263580263157895,2024,63900000.0,7.0,5.0,0.5461398425681393,51,142,46,-0.6698305000000001,51,-4,0.2434724736842106,0,0.435761400516996
35,Wolves,2025/26,20,-0.7858579736842105,2025,117500000.0,7.0,6.0,0.6616829271726429,142,109,42,-0.4263580263157895,142,-22,-0.359499947368421,0,0.5078309003583801
